,precision,recall,f_score,support
0,0.58,0.7992125984251969,0.6721854304635762,508.0
1,0.66,0.4024390243902439,0.5,492.0
