,precision,recall,f_score,support
0,0.6446540880503144,0.6634304207119741,0.6539074960127592,309.0
1,0.6363636363636364,0.6169491525423729,0.6265060240963857,295.0
