,precision,recall,f_score,support
0,0.6170212765957447,0.656957928802589,0.6363636363636364,309.0
1,0.6145454545454545,0.5728813559322034,0.5929824561403508,295.0
